Nome,Imagem,Price
New Phone 2010 ,https://telefonesimportados.netlify.app/img/product-2.jpg,$356.00
New Phone 2011 ,https://telefonesimportados.netlify.app/img/product-1.jpg,$568.00
New Phone 2012 ,https://telefonesimportados.netlify.app/img/product-3.jpg,$667.00
New Phone 2013 ,https://telefonesimportados.netlify.app/img/product-4.jpg,$532.00
New Phone 2014 ,https://telefonesimportados.netlify.app/img/product-2.jpg,$223.00
New Phone 2015 ,https://telefonesimportados.netlify.app/img/product-1.jpg,$535.00
New Phone 2016 ,https://telefonesimportados.netlify.app/img/product-3.jpg,$665.00
New Phone 2017 ,https://telefonesimportados.netlify.app/img/product-4.jpg,$554.00
New Phone 2018 ,https://telefonesimportados.netlify.app/img/product-2.jpg,$765.00
New Phone 2019 ,https://telefonesimportados.netlify.app/img/product-1.jpg,$567.00
New Phone 2010 ,https://telefonesimportados.netlify.app/img/product-3.jpg,$765.00
New Phone 2020 ,https://telefonesimportados.netlify.app/img/product-4.jpg,$654.00
Phone Plus Ultra 2011 ,https://telefonesimportados.netlify.app/img/product-2.jpg,$444.00
Phone Plus Ultra 2012 ,https://telefonesimportados.netlify.app/img/product-1.jpg,$355.00
Phone Plus Ultra 2013 ,https://telefonesimportados.netlify.app/img/product-3.jpg,$355.00
Phone Plus Ultra 2014 ,https://telefonesimportados.netlify.app/img/product-4.jpg,$436.00
Phone Plus Ultra 2015 ,https://telefonesimportados.netlify.app/img/product-2.jpg,$234.00
Phone Plus Ultra 2016 ,https://telefonesimportados.netlify.app/img/product-1.jpg,$675.00
Phone Plus Ultra 2017 ,https://telefonesimportados.netlify.app/img/product-3.jpg,$234.00
Phone Plus Ultra 2018 ,https://telefonesimportados.netlify.app/img/product-4.jpg,$234.00
Phone Plus Ultra 2019 ,https://telefonesimportados.netlify.app/img/product-2.jpg,$547.00
Phone Plus Ultra 2020 ,https://telefonesimportados.netlify.app/img/product-1.jpg,$325.00
Phone Plus Ultra 2021 ,https://telefonesimportados.netlify.app/img/product-3.jpg,$234.00
Phone Plus Ultra 2022 ,https://telefonesimportados.netlify.app/img/product-4.jpg,$346.00
Phone Premium Plus 2001 ,https://telefonesimportados.netlify.app/img/product-2.jpg,$515.00
Phone Premium Plus 2002 ,https://telefonesimportados.netlify.app/img/product-1.jpg,$234.00
Phone Premium Plus 200 ,https://telefonesimportados.netlify.app/img/product-3.jpg,$345.00
Phone Premium Plus 2004 ,https://telefonesimportados.netlify.app/img/product-4.jpg,$235.00
Phone Premium Plus 2005 ,https://telefonesimportados.netlify.app/img/product-2.jpg,$235.00
Phone Premium Plus 2006 ,https://telefonesimportados.netlify.app/img/product-1.jpg,$634.00
Phone Premium Plus 2007 ,https://telefonesimportados.netlify.app/img/product-3.jpg,$234.00
Phone Premium Plus 2008 ,https://telefonesimportados.netlify.app/img/product-4.jpg,$346.00
Phone Premium Plus 2009 ,https://telefonesimportados.netlify.app/img/product-2.jpg,$363.00
Phone Premium Plus 2010 ,https://telefonesimportados.netlify.app/img/product-1.jpg,$312.00
Phone Premium Plus 2011 ,https://telefonesimportados.netlify.app/img/product-3.jpg,$424.00
Phone Premium Plus 2000 ,https://telefonesimportados.netlify.app/img/product-4.jpg,$466.00
Brand Phone 2003 ,https://telefonesimportados.netlify.app/img/product-2.jpg,$546.00
Brand Phone 2004 ,https://telefonesimportados.netlify.app/img/product-1.jpg,$123.00
Brand Phone 2005 ,https://telefonesimportados.netlify.app/img/product-3.jpg,$123.00
Brand Phone 2006 ,https://telefonesimportados.netlify.app/img/product-4.jpg,$653.00
Brand Phone 2007 ,https://telefonesimportados.netlify.app/img/product-2.jpg,$123.00
Brand Phone 2008 ,https://telefonesimportados.netlify.app/img/product-1.jpg,$234.00
Brand Phone 2009 ,https://telefonesimportados.netlify.app/img/product-3.jpg,$253.00
Brand Phone 20010 ,https://telefonesimportados.netlify.app/img/product-4.jpg,$126.00
Brand Phone 20011 ,https://telefonesimportados.netlify.app/img/product-2.jpg,$643.00
Brand Phone 2000 ,https://telefonesimportados.netlify.app/img/product-1.jpg,$364.00
Brand Phone 2001 ,https://telefonesimportados.netlify.app/img/product-3.jpg,$234.00
Brand Phone 2002 ,https://telefonesimportados.netlify.app/img/product-4.jpg,$366.00
Phony Phone 2016 ,https://telefonesimportados.netlify.app/img/product-2.jpg,$234.00
Phony Phone 2015 ,https://telefonesimportados.netlify.app/img/product-1.jpg,$325.00
Phony Phone 2014 ,https://telefonesimportados.netlify.app/img/product-3.jpg,$264.00
Phony Phone 2013 ,https://telefonesimportados.netlify.app/img/product-4.jpg,$654.00
Phony Phone 2012 ,https://telefonesimportados.netlify.app/img/product-2.jpg,$346.00
Phony Phone 2011 ,https://telefonesimportados.netlify.app/img/product-1.jpg,$123.00
Phony Phone 2010 ,https://telefonesimportados.netlify.app/img/product-3.jpg,$125.00
Phony Phone 2009 ,https://telefonesimportados.netlify.app/img/product-4.jpg,$345.00
Phony Phone 2008 ,https://telefonesimportados.netlify.app/img/product-2.jpg,$345.00
Phony Phone 2019 ,https://telefonesimportados.netlify.app/img/product-1.jpg,$364.00
Phony Phone 2018 ,https://telefonesimportados.netlify.app/img/product-3.jpg,$634.00
Phony Phone 2017 ,https://telefonesimportados.netlify.app/img/product-4.jpg,$234.00
